{"accuracy": [0.16041666269302368, 0.2708333432674408, 0.3333333432674408, 0.3687500059604645, 0.3895833194255829, 0.5020833611488342, 0.5083333253860474, 0.48124998807907104, 0.2979166805744171, 0.3812499940395355, 0.3229166567325592, 0.3687500059604645, 0.7451388835906982, 0.980555534362793, 0.9916666746139526, 0.9958333373069763, 0.9972222447395325, 0.9993055462837219, 0.9986110925674438, 0.9986110925674438, 0.9986110925674438, 0.9993055462837219, 1.0, 0.7916666865348816, 0.9895833134651184, 0.9972222447395325, 0.9986110925674438, 0.9993055462837219, 0.9993055462837219, 0.9979166388511658, 0.9993055462837219, 0.9993055462837219, 0.9993055462837219, 0.9986110925674438, 0.7895833253860474, 0.9750000238418579, 0.9951388835906982, 0.9944444298744202, 0.9979166388511658, 0.9993055462837219, 1.0, 0.9986110925674438, 0.9993055462837219, 0.9986110925674438, 1.0], "val_accuracy": [0.20000000298023224, 0.34166666865348816, 0.5, 0.44999998807907104, 0.5083333253860474, 0.5083333253860474, 0.44999998807907104, 0.34166666865348816, 0.30000001192092896, 0.34166666865348816, 0.3083333373069763, 0.3333333432674408, 0.0, 0.0, 0.0, 0.0, 0.1666666716337204, 0.1666666716337204, 0.1666666716337204, 0.1666666716337204, 0.1666666716337204, 0.1666666716337204, 0.1666666716337204, 0.13333334028720856, 0.1666666716337204, 0.1666666716337204, 0.1666666716337204, 0.1666666716337204, 0.1666666716337204, 0.1666666716337204, 0.1666666716337204, 0.1666666716337204, 0.1666666716337204, 0.1666666716337204, 0.0, 0.0, 0.0, 0.0055555556900799274, 0.16111111640930176, 0.1666666716337204, 0.1666666716337204, 0.1666666716337204, 0.1666666716337204, 0.1666666716337204, 0.1666666716337204], "loss": [1.7865681648254395, 1.531796932220459, 1.420756459236145, 1.248810887336731, 1.1798255443572998, 1.0604095458984375, 0.9075862169265747, 1.145221471786499, 1.4236961603164673, 1.2034416198730469, 1.1798940896987915, 1.1495375633239746, 0.9258643984794617, 0.14158187806606293, 0.08075501769781113, 0.04639039188623428, 0.03538058325648308, 0.02182474359869957, 0.019267814233899117, 0.018056122586131096, 0.016374215483665466, 0.014526193961501122, 0.010964853689074516, 0.7963839173316956, 0.1262098103761673, 0.061128418892621994, 0.03629323095083237, 0.024787135422229767, 0.01914989948272705, 0.019949601963162422, 0.016260899603366852, 0.011387834325432777, 0.012291173450648785, 0.010545993223786354, 0.7297511696815491, 0.14960189163684845, 0.06250429898500443, 0.05174772068858147, 0.03010801412165165, 0.019611360505223274, 0.01599396951496601, 0.014719849452376366, 0.01376393623650074, 0.014612388797104359, 0.008799404837191105], "val_loss": [1.6941907405853271, 1.479644536972046, 1.271989107131958, 1.2093918323516846, 1.0792276859283447, 0.9309507012367249, 0.8477413654327393, 1.638777494430542, 1.1992334127426147, 1.1546571254730225, 1.118971586227417, 1.0937107801437378, 2.2507498264312744, 2.318498134613037, 2.4115467071533203, 2.5497443675994873, 2.516514301300049, 2.698657989501953, 2.751859426498413, 2.951392889022827, 3.2455148696899414, 3.374825954437256, 3.7205724716186523, 2.245737314224243, 2.2771730422973633, 2.422877073287964, 2.573594093322754, 2.7876639366149902, 2.8442330360412598, 3.0467898845672607, 3.3295578956604004, 3.534661293029785, 3.66308331489563, 3.6418633460998535, 2.5647311210632324, 2.9525952339172363, 3.1711416244506836, 3.290963649749756, 3.4416754245758057, 3.4922804832458496, 3.5045673847198486, 3.50154972076416, 3.6135661602020264, 3.6596686840057373, 4.064764022827148]}